category;sku;model;qty;name;color_id;size_id;textile;season;price;status
6211_0;111013;БР-11;21;Бриджи "Вышиванка";21;14,7,3;Супрем 100% хлопок;1;128;1
6211_0;121013;БР-12;18;Бриджи "Вышиванка";21;4,5,15;Супрем 100% хлопок;1;131;1
6211_0;131013;БР-13;67;Бриджи для малышей;2,8,37;8,7,14;Супрем 100% хлопок;1;139;1
6211_0;141013;БР-14;11;Бриджи "Повседневные";102,31;7,14,3;Супрем 100% бавовна;1;153;1
6090_0;540119;ГФ-54;21;Гольф однотонный;25;6,1,2;Рибана 95%хлопок+5%лайкра;4;204;1
6090_1;540119;ГФ-54;21;Гольф однотонный;25;6,1,2;Рибана 95%хлопок+5%лайкра;4;204;1
6090_0;580116;ГФ-58;189;Гольф школьный;8,12,37;15,16,17,6;Качкорса 95%хлопок+5%лайкра;4;163;1
6090_1;580116;ГФ-58;189;Гольф школьный;8,12,37;15,16,17,6;Качкорса 95%хлопок+5%лайкра;4;163;1
6090_0;590116;ГФ-59;69;Гольф школьный;38;4,7,14,3;Качкорса 95%хлопок+5%лайкра;4;119;1
6090_1;590116;ГФ-59;69;Гольф школьный;38;4,7,14,3;Качкорса 95%хлопок+5%лайкра;4;119;1
6090_0;600116;ГФ-60;79;Гольф школьный;2,18,28,38;5,15,16,17;Качкорса 95%хлопок+5%лайкра;4;128;1
6090_1;600116;ГФ-60;79;Гольф школьный;2,18,28,38;5,15,16,17;Качкорса 95%хлопок+5%лайкра;4;128;1
6090_1;660112;ГФ-66;25;Гольф с коротким рукавом;26;16,17,15;Супрем с лайкрой 95%хлопок+5%лайкра;4;112;1
6090_1;670112;ГФ-67;78;Гольф с коротким рукавом;26;1,2,6;Супрем с лайкрой 95%хлопок+5%лайкра;4;136;1
6090_1;720119;ГФ-72;18;Гольф цветной;3,2,31,32,28,13,5,35,62,6,17,20,38;3,4,5;Рибана 95%хлопок+5%лайкра;2;124;1
6090_1;730119;ГФ-73;35;Гольф цветной;3,2,31,32,28,13,5,35,62,6,17,20,38;15,16,17;Рибана 95%хлопок+5%лайкра;2;138;1
6090_0;750128;ГФ-75;15;Гольф ,байка;26,25;3,4,5;Рибана с/н 95%хлопок+5%лайкра;3;139;1
6090_1;750128;ГФ-75;15;Гольф ,байка;26,25;3,4,5;Рибана с/н 95%хлопок+5%лайкра;3;139;1
6090_0;800128;ГФ-80;28;Гольф "Собачка";25;8,7,14,3;Рибана с/н 95%хлопок+5%лайкра;3;146;1
6090_1;810128;ГФ-81;17;Гольф "Котенок";12;8,7,14,3;Рибана с/н 95%хлопок+5%лайкра;3;146;1
6090_0;850119;ГФ-85;1;Гольф с отворотом;85,100,25;5,15,16,17;Рибана 95%бавовна+5% лайкра;4;162;1
6090_1;850119;ГФ-85;140;Гольф с отворотом;85,100,14,25;5,15,16,17;Рибана 95%бавовна+5% лайкра;4;162;1
12_1;22409;КБ-2;117;Комбинезон "Цветочки";31,37;8,7,14;Трехнитка б/н 100% хлопок;2;316;1
6209_1;14706;КС-147;58;Костюм "Домашний";26;15,16,17;супрем+двунитка 95%хлопок+5%полиэстер;4;306;1
6209_1;14806;КС-148;39;Костюм "Домашний";26;6,1,2;супрем+двунитка 95%хлопок+5%полиэстер;4;337;1
6209_1;1521213;КС-152;36;Костюм "Письмо";26,13;7,8,14;Супрем 100% хлопок;1;190;1
6209_1;1611225;КС-161;26;Костюм "Love";26,32;8,7,14;Флям 100% хлопок;1;213;1
6209_1;1951213;КС-195;68;Костюм "Следуй за мечтой";12,13;8,7,14;Супрем 100% хлопок;1;214;1
6209_0;1961213;КС-196;73;Костюм "Подводник";2,12;8,7,14;Супрем 100% хлопок;1;216;1
6209_0;1971213;КС-197;57;Костюм "Алфавит";18,12;8,7,14;Супрем 100% хлопок;1;231;1
6209_0;1981213;КС-198;11;Костюм "Турист";2,35;4,5,3;Супрем 100% хлопок;1;320;1
6209_0;2001213;КС-200;16;Костюм "Мишаня";1,35;4,5,3;Супрем 100% хлопок;1;291;1
6209_0;2041213;КС-204;25;Костюм "Слон отпечаток";8,37;15,16,17;Супрем 100% хлопок;1;292;1
6209_0;2051213;КС-205;208;Костюм "Утенок";2,12;15,16,17;Супрем 100% хлопок;1;287;1
6209_1;2131211;КС-213;26;Костюм "Oh";3,25;6,1,2;Двунитка 100% хлопок;4;530;1
6209_1;2231211;КС-223;9;Костюм "Нi";25;15,16,17;Двунитка 100% хлопок;4;561;1
6209_1;2381211;КС-238;10;Костюм "Девочка с зайкой";3,25;3,4,5;Двунитка 100% хлопок;4;408;1
6209_0;2411211;КС-241;6;Костюм "Монстрики";3,37;15,16,17;Двунитка 95%хлопок+5%полиэстер;2;476;1
6209_0;2431211;КС-243;115;Костюм "Граффити";3;6,1,2;Двунитка 100% хлопок;4;621;1
6209_1;2441212;КС-244;10;Костюм "Жаба с камушком";13,35;6,1,2;Супрем с лайкрой 95%хлопок+5%лайкра;1;272;1
6209_1;2461213;КС-246;123;Костюм "Бабочка";13,7;15,16,17;Супрем 100% хлопок;1;258;1
6209_1;2471213;КС-247;114;Костюм "Бриллиант";26;18,19,20;Супрем 100% хлопок;1;209;1
6209_1;2481213;КС-248;492;Костюм "Мальвина";13,35;6,1,2;супрем+супрем с лайкрой 100% хлопок, 95%хлопок+5%лайкра;1;221;1
6209_1;2491213;КС-249;95;Костюм "Котики-зайчики";13,35;4,5,3;Супрем 100% хлопок;1;243;1
6209_1;2511213;КС-251;201;Костюм "Marilyn Monroe";26,13;6,1,2;Супрем 100% хлопок;1;308;1
6209_1;2611211;КС-261;17;Костюм "Лиса принцесса";43;15,16,17;Двунитка+качкорса 95%хлопок+5%полиэстер+95%хлопок+5%лайкра;2;464;1
6209_1;2681227;КС-268;21;Костюм "Мяу";14,25,15;6,1,2;Трехнитка с/н 95%хлопок+5%полиэстер;3;634;1
6209_0;2821227;КС-282;15;Костюм "Пёс-космонавт";25;8,7,14;Трехнитка с/н 95%хлопок+5%полиэстер;3;451;1
6209_0;2831227;КС-283;63;Костюм "Мотоцикл";31,25;15,16,17;Трехнитка с/н 95%хлопок+5%полиэстер;3;556;1
6209_0;2911211;КС-291_1;23;Костюм "Медведь";25,79;3,4,5;Двунитка 100% бавовна;4;403;1
6209_0;2921211;КС-292;1;Костюм "Big bro";31,37,60;3,4,5;Двунитка 100% хлопок;4;525;1
6209_0;2931211;КС-293;0;Костюм  "Captain America";3,37,23;15,16,17;Двунитка 100% бавовна;4;580;1
6209_1;2941211;КС-294_1;40;Костюм "Be 1Girl";25,70;15,16,17;Двунитка 100% бавовна;4;374;1
6209_0;2951211;КС-295_1;19;Костюм "Енот";25,60;3,4,5;Двунитка 100% бавовна;4;403;1
6209_1;2961211;КС-296;58;Костюм "1 Girl";3,25,10,7;6,1,2;Двунитка 100% хлопок;4;641;1
6209_1;2971211;КС-297;32;Костюм "Пёс-баскетболист";2,25,5;6,1,2;Двунитка 100% хлопок;4;415;1
6209_1;2981211;КС-298;21;Костюм "Star,блискавка";3,14,25;15,16,17;Двунитка 100% хлопок;2;544;1
6209_1;3001211;КС-300;74;Костюм "Нью-Йорк";25,70;1,2,18;Двунитка 100% хлопок;2;530;1
6209_1;3011211;КС-301;45;Костюм " Девочка со скакалкой";25,70,78;4,5,15;Двунитка 100% хлопок;2;350;1
6209_1;3021211;КС-302;0;Костюм "Подружки;25,70,79;7,14,3;Двунитка 100% хлопок;2;464;1
6209_1;3041213;КС-304;60;Костюм " Цветущие кактусы";85,69;7,14,3;Супрем 100% бавовна;1;267;1
6209_0;3051213;КС-305;15;Костюм " Кот-индеец";101,77;7,14,3;Супрем 100% бавовна;1;236;1
6209_0;3101211;КС-310;0;Костюм " Baseball 65";3,111,25;16,17,6;Двунитка 100% бавовна;2;0;1
6209_0;3111211;КС-311;2;Костюм  "Rock Star";3,84,25;4,5,15;Двунитка 100% бавовна;2;513;1
6209_1;3121211;КС-312;16;Костюм  "Wonder girl";13,70,78;16,17,6;Двунитка 100% бавовна;2;403;1
6209_0;3141211;КС-314;8;Костюм  "SPORT";3,68;1,2,18;Двунитка 100% бавовна;2;685;1
6209_0;3161211;КС-316;0;Костюм "SPORT";3,84,103;16,17,6;Двунитка 100% бавовна;2;614;1
6209_1;3171211;КС-317;259;Костюм "LOVE;14,25,13;16,17,6;Двунитка 100% хлопок;2;590;1
6209_1;851211;КС-85;11;Костюм "Dogs";28,14,43,37;8,7,14,3;Двунитка 100% хлопок;4;435;1
6125_0;1450823;КФ-145;6;Кофта "Велик";43;6,1,2;Маккарна 95%хлопок+5%лайкра;4;357;1
6125_0;1760811;КФ-176;88;Кофта "Монстерленд";43;6,1,2;Двунитка 100% хлопок;4;326;1
6125_0;1780813;КФ-178;61;Кофта "Ралли";18,48;8,7,14;Супрем 100% хлопок;1;112;1
6125_1;1810813;КФ-181;14;Кофта "Love";32,12,5;8,7,14;Супрем 100% хлопок;1;122;1
6125_1;1940812;КФ-194;52;Кофта  "Горохи";26,32,14,12,13,20;15,16,17;Супрем с лайкрой 95%хлопок+5%лайкра;1;158;1
6125_0;2090809;КФ-209;14;Кофта "Налокотники";27;15,16,17;Трехнитка б/н 100% хлопок;3;213;1
6125_0;2100809;КФ-210;28;Кофта "Налокотники";27;6,1,2;Трехнитка б/н 100% хлопок;3;272;1
6125_1;2230812;КФ-223;20;Кофта "Воротничок";26;6,1,2;Супрем с лайкрой 95%хлопок+5%лайкра;1;170;1
6125_1;2250812;КФ-225;2;Кофта  "Воротничок";26;6,1,2;Супрем с лайкрой 95%хлопок+5%лайкра;1;170;1
6125_0;2590807;КФ-259;11;Кофта "Мишка";23;14,8,7;Интерлок 100% хлопок;2;160;1
6125_0;2670811;КФ-267;74;Кофта "Алфавит";3,39;4,5,3;Двунитка 100% хлопок;2;190;1
6125_1;2680813;КФ-268;57;Кофта "Жонглёр";13,48;4,5,3;Супрем 100% хлопок;1;119;1
6125_0;2740811;КФ-274;60;Кофта "Рука";43;15,16,17;Двунитка 100% хлопок;2;214;1
6125_0;2750811;КФ-275;20;Кофта "Динозавр";3,43;15,16,17;Двунитка 100% хлопок;2;184;1
6125_0;2770811;КФ-277;330;Кофта "Банан";3;6,1,2;Двунитка 100% хлопок;2;245;1
6125_0;2780811;КФ-278;25;Кофта "Динозавр";3,37;6,1,2;Двунитка 100% хлопок;2;197;1
6125_1;2790811;КФ-279;68;Кофта "Robinzone";3,28;6,1,2;Двунитка 100% хлопок;2;323;1
6125_1;2880812;КФ-288;14;Кофта c воротником;26,12,13;15,16,17,6;Супрем с лайкрой 95%хлопок+5%лайкра;1;158;1
6125_0;3240809;КФ-324;27;Кофта "Индеец";31;6,1,2;Трехнитка б/н 100% хлопок;3;213;1
6125_0;3290827;КФ-329;1;Кофта "Пингвины-десантники";19;8,7,14;Трехнитка с/н 95%хлопок+5%полиэстер;3;245;1
6125_1;3290827;КФ-329;3;Кофта "Пингвины-десантники";28;8,7,14;Трехнитка с/н 95%хлопок+5%полиэстер;3;245;1
6125_0;3300827;КФ-330;11;Кофта "Мальчик в монстре";2,43;4,5,3;Трехнитка с/н 95%хлопок+5%полиэстер;3;253;1
6125_1;3310827;КФ-331;6;Кофта "Олень";3,25;3,4,5;Трехнитка с/н 95%хлопок+5%полиэстер;3;248;1
6125_0;3320827;КФ-332;12;Кофта "Мальчик в монстре";2;4,5,3;Трехнитка с/н 95%хлопок+5%полиэстер;3;235;1
6125_1;3330827;КФ-333;103;Кофта "Лиса в лесу";36;4,5,3;Трехнитка с/н 95%хлопок+5%полиэстер;3;155;1
6125_1;3340827;КФ-334;17;Кофта "Девочка в шапочке";36,5;15,16,17;Трехнитка с/н 95%хлопок+5%лайкра;3;182;1
6125_0;3350827;КФ-335;193;Кофта "Монстрик";2,19;15,16,17;Трехнитка с/н 95%хлопок+5%полиэстер;3;272;1
6125_0;3410811;КФ-341;252;Кофта "Танцор";36,2;8,7,14;Двунитка 100% хлопок;2;202;1
6125_1;3420811;КФ-342;69;Кофта  "Поющие птички";2,5;4,5,3;Двунитка 100% хлопок;4;243;1
6125_0;3430811;КФ-343;28;Кофта "Крокодил в кактусах";3,31;4,5,3;Двунитка 100% хлопок;4;224;1
6125_0;3440811;КФ-344;130;Кофта "Бант";13,5;15,16,17;Двунитка 100% хлопок;4;245;1
6125_0;3450811;КФ-345;315;Кофта "Ворона в кроссовках";36,2;15,16,17;Двунитка 95%хлопок+5%полиэстер;2;211;1
6125_0;3470811;КФ-347;173;Кофта  "Якорь";3,31;6,1,2;Двунитка 100% хлопок;4;221;1
6125_1;3480811;КФ-348;0;Кофта "Кошка с короной";21,70;15,16,17;Двунитка 100% хлопок;4;214;1
6125_1;3500807;КФ-350;28;Кофта "Цветы";3,25;4,5,3;Интерлок 100% хлопок;4;184;1
6125_1;3650825;КФ-365;16;Кофта "Рукава в цветах";26,13;15,16,17;Флям 100% хлопок;2;163;1
6125_1;3660813;КФ-366;36;Кофта "Зайка-фея";26,7;4,5,3;Супрем 100% хлопок;2;145;1
6125_1;3670813;КФ-367;105;Кофта "Сова на веточки";26,7;8,7,14;Супрем 100% хлопок;2;133;1
6125_1;3710819;КФ-371;817;Кофта "Спорт для девочек";5,7,36,13,38;15,16,17;Рибана 95%хлопок+5%лайкра;2;231;1
6125_0;3720819;КФ-372;600;Кофта "Спорт";36,31;15,16,17;Рибана 95%хлопок+5%лайкра;2;231;1
6125_1;3730813;КФ-373;21;Кофта "Девочка с бантом";26,7;15,16,17;Супрем 100% хлопок;2;163;1
6125_0;3740813;КФ-374;15;Кофта "Большой медведь";31,35,6;4,5,3;Супрем 100% хлопок;2;145;1
6125_0;3750813;КФ-375;124;Кофта "Мишка в шарфике";31,35,6;8,7,14;Супрем 100% хлопок;2;133;1
6125_0;3760813;КФ-376;50;Кофта "New York";31,35,6;15,16,17;Супрем 100% хлопок;2;163;1
6125_0;3840810;КФ-384;14;Кофта "Мамин монстрик";3,21,17;15,16,17;Байка 95%хлопок+5%полиэстер;2;301;1
6125_0;3850811;КФ-385;46;Кофта "Мотоцикл";3,2,43,17;6,1,2;Двунитка 95%хлопок+5%полиэстер;2;213;1
6125_0;3860811;КФ-386;51;Кофта "DIRT RIDER";2,25;2,18,19,20;Двунитка+качкорса 95%хлопок+5%полиэстер+95%хлопок+5%лайкра;2;250;1
6125_1;3870811;КФ-387;23;Кофта "Меланж с распошивом";2,5,17;6,1,2;Двунитка 95%хлопок+5%полиэстер;2;167;1
6125_1;3880811;КФ-388;50;Кофта "Меланж с распошивом";2,5,17;18,19,20;Двунитка 95%хлопок+5%полиэстер;2;185;1
6125_0;3890811;КФ-389;9;Кофта "Меланж с распошивом";17;6,1,2;Двунитка 95%хлопок+5%полиэстер;2;162;1
6125_0;3900811;КФ-390;24;Кофта "Меланж с распошивом";17;18,19,20;Двунитка 95%хлопок+5%полиэстер;2;175;1
6125_0;3960811;КФ-396;1;Кофта "Меланж на кнопке";17;8,7,14;Двунитка 95%хлопок+5%полиэстер;2;99;1
6125_1;3960811;КФ-396;3;Кофта "Меланж на кнопке";2,5,23;8,7,14;Двунитка 95%хлопок+5%полиэстер;2;99;1
6125_0;3970811;КФ-397;6;Кофта "Меланж с длинным рукавом";17;15,16,17;Двунитка 95%хлопок+5%полиэстер;2;117;1
6125_0;3980809;КФ-398;53;Кофта "С капюшоном";31;6,1,2;Трехнитка б/н 100% хлопок;2;415;1
6125_0;3990809;КФ-399;2;Кофта "Карман с листочкой";31;18,19,20;Трехнитка б/н 100% хлопок;2;408;1
6125_0;4050810;КФ-405;49;Кофта "Джип";3,21,25,17;15,16,17;Двунитка с/н 95%хлопок+5%полиэстер;3;182;1
6125_1;4070827;КФ-407;4;Кофта "Ёлка";21,14;8,7,14;Трехнитка с/н 95%хлопок+5%полиэстер;3;238;1
6125_1;4090827;КФ-409;4;Кофта "Ёлка";21,14;15,16,17;Трехнитка с/н 95%хлопок+5%полиэстер;3;272;1
6125_0;4100827;КФ-410;6;Кофта "Байк";25;3,4,5;Трехнитка с/н 95%хлопок+5%полиэстер;3;306;1
6125_0;4110827;КФ-411;7;Кофта "Медведь в кепке";61,17;15,16,17;Трехнитка с/н 95%хлопок+5%полиэстер;3;332;1
6125_1;4120827;КФ-412;41;Кофта "The Star";25,17;3,4,5;Трехнитка с/н 95%хлопок+5%полиэстер;3;306;1
6125_1;4130827;КФ-413;55;Кофта "Legendari Team";25,17;15,16,17;Трехнитка с/н 95%хлопок+5%полиэстер;3;332;1
6125_0;140827;;31;Кофта "Мото";26;3,4,5;Трехнитка с/н 95%хлопок+5%полиэстер;3;289;1
6125_1;4150827;КФ-415;6;Кофта "Зайка с бомбоном";36;3,4,5;Трехнитка с/н 95%хлопок+5%полиэстер;3;235;1
6125_1;4160827;КФ-416;7;Кофта "Зайка с бомбоном";36;15,16,17;Трехнитка с/н 95%хлопок+5%полиэстер;3;253;1
6125_0;4180811;КФ-418;4;Кофта " Карта леса";72,25,73;8,7,14;Двунитка 100% бавовна;4;216;1
6125_0;4240811;КФ-424;0;Кофта "Хаски";3,25,73,60;6,1,2;Двунитка 100% бавовна;4;275;1
6125_0;4250811;КФ-425;199;Кофта "BAD  BOY;3,73,68,74;15,16,17;Двунитка 100% бавовна;4;379;1
6125_1;4290811;КФ-429;4;Кофта "Принцесса";14,80,13,5,66;3,4,5;Двунитка 100% хлопок;4;238;1
6125_1;4320811;КФ-432;6;Кофта "Бант";72,13,78;15,16,17;Двунитка 100% бавовна;4;204;1
6125_1;4350811;КФ-435;0;Кофта "Lucky";70,81,74;16,17,6;Двунитка 100% бавовна;2;258;1
6125_0;4380811;КФ-438;41;Кофта "Motor Cycles";3,31,73;18,19,20;Двунитка 100% бавовна;4;282;1
6125_1;4400811;КФ-440;0;Кофта "Чародйка";13,79,105;4,5,15;Двунитка 100% бавовна;2;264;1
6125_1;4500811;КФ-450;70;Кофта "Осенний зайка";72,25,13;7,14,3;Двунитка 100% бавовна;2;316;1
6125_1;4690812;КФ-469;305;Кофта "Кружево на плечах";85,12,13;1,2,18;Супрем з лайкрою 95% бавовна +5%лайкра;2;190;1
6125_1;4700812;КФ-470;167;Кофта "Кружево на рукавах";85,12,13;1,2,18;Супрем з лайкрою 95% бавовна +5%лайкра;2;190;1
6125_1;4730812;КФ-473;110;Кофта "Кружево с бантиком";85,12,13;16,17,6;Супрем з лайкрою 95% бавовна +5%лайкра;2;173;1
6125_1;4740812;КФ-474;0;Кофта "Корсет";85,12,13;16,17,6;Супрем з лайкрою 95% бавовна +5%лайкра;2;218;1
4262_0;32429;КТ-3;20;Куртка "Ветровка с капюшёном";37;3,4,5;Плащёвка на флисе 100 % полиэстер;2;451;1
4262_1;32429;КТ-3;30;Куртка "Ветровка с капюшёном";37;3,4,5;Плащёвка на флисе 100 % полиэстер;2;451;1
4262_0;42429;КТ-4;19;Куртка "Ветровка с капюшёном";37;15,16,17;Плащёвка на флисе 100 % полиэстер;2;502;1
4262_1;42429;КТ-4;32;Куртка "Ветровка с капюшёном";37;15,16,17;Плащёвка на флисе 100 % полиэстер;2;502;1
6034_1;182211;ЛС-18;31;Лосины однотонные;28,14,10,43,20;15,16,17;Двунитка 100% хлопок;4;173;1
6034_1;232212;ЛС-23;159;Лосины "Robinzone";3,28,14,25;4,5,3;Супрем с лайкрой 95%хлопок+5%лайкра;1;102;1
6034_1;242212;ЛС-24;62;Лосины "Robinzone";3,28,14,25;15,16,17;Супрем с лайкрой 95%хлопок+5%лайкра;1;111;1
6034_1;252211;ЛС-25;39;Лосины "Единорог";36,39,5,20,38;4,5,3;Двунитка 100% хлопок;4;163;1
6034_1;262211;ЛС-26;29;Лосины "Единорог";36,39,5,20,37,38;15,16,17;Двунитка 100% хлопок;4;150;1
6034_1;412211;ЛС-41;27;Лосины "Конфетти";3,5,17,38;6,1,2;Двунитка 95%хлопок+5%полиэстер;2;184;1
6034_1;432211;ЛС-43;14;Лосины "Меланж";2,5,17,60;3,4,5,14;Двунитка 95%хлопок+5%полиэстер;2;117;1
6034_1;472213;ЛС-47;32;Лосины "Велосипедки";43;7;Супрем 100% хлопок;2;82;1
6034_1;482211;ЛС-48;28;Лосины с лампасами;2,25,4;6,1,2;Двунитка 95%хлопок+5%полиэстер;2;192;1
6034_1;56/2211;ЛС-56_1;135;Лосины "Роза";83,14,25;6,1,2;Двунитка 100% бавовна;4;236;1
6034_1;652211;ЛС-65;15;Лосни "Корони";14,25,106,74,107;7,14,3;Двунитка 100% бавовна;2;168;1
6034_1;662211;ЛС-66;40;Лосины "Конфетти";14,25,106,74,107;4,5,15;Двунитка 100% бавовна;2;189;1
6213_0;301113;МК-30;86;Майка "Правила движения";31,21;6,1,2;Супрем 100% хлопок;1;94;1
6213_0;341113;МК-34;73;Майка "Правила движения";31,21;18,19,20;Супрем 100% хлопок;1;94;1
6213_1;351112;МК-35;175;Майка "С кружевом";26,12,13;14,3,4,5,15;Супрем с лайкрой 95%хлопок+5%лайкра;2;60;1
6213_1;361112;МК-36;145;Майка "Крошетка";26,12,13;3,4,5,15;Супрем с лайкрой 95%хлопок+5%лайкра;2;60;1
6213_0;371112;МК-37;2;Майка "Бельевая";26,43;3,4,5,15;Супрем с лайкрой 95%хлопок+5%лайкра;2;66;1
6213_1;381112;МК-38;238;Майка "С кружевом";26,12,13;16,17,6,1;Супрем с лайкрой 95%хлопок+5%лайкра;2;68;1
6213_1;391112;МК-39;131;Майка "Крошетка";26,12,13;16,17,6,1;Супрем с лайкрой 95%хлопок+5%лайкра;2;68;1
6213_0;401112;МК-40;4;Майка "Бельевая";26,43;16,17,6,1;Супрем с лайкрой 95%хлопок+5%лайкра;2;70;1
6162_0;1210613;ПЖ-121;12;Пижама "Подлодка";18,12;4,14,3;Супрем 100% хлопок;1;211;1
6162_1;1220613;ПЖ-122;11;Пижама "Слон на веле";12,13;4,14,3;Супрем 100% хлопок;1;202;1
6162_0;1230613;ПЖ-123;22;Пижама "Кораблики";18,12;5,15,16;Супрем 100% хлопок;1;214;1
6162_1;1240613;ПЖ-124;38;Пижама "Слон на веле";12,13;5,15,16;Супрем 100% хлопок;1;231;1
6162_0;1320610;ПЖ-132;83;Пижама "La Luna";3,43,17;5,15,16;Байка 95%хлопок+5%полиэстер;2;221;1
6162_0;1330610;ПЖ-133;54;Пижама "La Luna";3,43,17;17,6,1;Байка 95%хлопок+5%полиэстер;2;272;1
6162_0;1370610;ПЖ-137;75;Пижама "Супермен";21,37;17,6,1;Байка 95%хлопок+5%полиэстер;2;255;1
6162_0;1400607;ПЖ-140;78;Пижамы  "Сова в кросах";2;5,15,16;Интерлок 100% хлопок;2;315;1
6162_1;1400607;ПЖ-140;79;Пижамы  "Сова в кросах";2,5;5,15,16;Интерлок 100% хлопок;2;315;1
6162_0;1410607;ПЖ-141;106;Пижамы "Силач в тату";3,25;5,15,16;Интерлок 100% хлопок;4;315;1
6162_0;1420607;ПЖ-142;8;Пижамы "Super priver";18,25,12;4,14,3;Интерлок 100% хлопок;4;272;1
6162_0;1440607;ПЖ-144;86;Пижама "Сова и приведение";3,43;5,15,16;Интерлок 100% хлопок;4;340;1
6162_1;1450607;ПЖ-145;98;Пижама " Пёрышко";2,5;5,15,16;Интерлок 100% хлопок;4;340;1
6162_0;1460607;ПЖ-146;221;Пижама "Грузовик";3,25;4,14,3;Интерлок 100% хлопок;4;272;1
6162_1;1520607;ПЖ-152;36;Пижама "Мой котёнок";2,28,30,5;5,15,16;Интерлок 100% хлопок;4;301;1
6162_1;1540607;ПЖ-154;85;Пижама "Балерина";77,76,70;3,4,5;нтерлок 100% бавовна;4;367;1
6162_1;1550607;ПЖ-155;63;Пижама "Балерина";77,76,70;15,16,17;нтерлок 100% бавовна;4;406;1
6162_1;1560611;ПЖ-156;72;Пижама "Девочка";72,75,25,70;15,16,17;нтерлок 100% бавовна;4;427;1
6162_1;1570611;ПЖ-157;47;Пижама "Девочка";72,75,25,70;6,1,2;нтерлок 100% бавовна;4;457;1
6162_1;1580607;ПЖ-158;94;Пижама "Зайчики";76,75,70;14,3,4;нтерлок 100% бавовна;4;308;1
6162_0;1600607;ПЖ-160;18;Пижама "Львенок";77,25;14,3,4;нтерлок 100% бавовна;4;308;1
6162_0;1610607;ПЖ-161;36;Пижама "Путешественник";72,77,25;14,3,4;нтерлок 100% бавовна;4;308;1
6162_0;1620607;ПЖ-162;137;Пижама "Ракета";72,77,25,86;14,3,4;нтерлок 100% бавовна;4;308;1
6162_0;1630607;ПЖ-163;30;Пижама "Динозавр";2,100;17,6,1;нтерлок 100% бавовна;4;415;1
6162_0;1640607;ПЖ-164;60;Пижама "Собачки";77,25;5,15,16;нтерлок 100% бавовна;4;333;1
6162_1;1650607;ПЖ-165;24;Пижама " Сладких снов";25,70;5,15,16;нтерлок 100% бавовна;4;333;1
6162_1;540607;ПЖ-54;19;Пижама "Замок принцессы";45,32,12,13;8,7,14,3;Интерлок 100% хлопок;0;235;1
6162_0;920607;ПЖ-92;19;Пижама "Птеродактель";43;8;Интерлок 100% хлопок;2;236;1
6055_1;091813;ПЛ-09;41;Платье "Цветочки";28,21,38;15,16,17;Супрем 100% хлопок;1;221;1
6055_1;171813;ПЛ-17;48;Платье "Птички";21,38;8,7,14;Супрем 100% хлопок;1;204;1
6055_1;191804;ПЛ-19;93;Платье "Донат";28,38;15,16,17;Супрем + батист 100% хлопок;1;248;1
6055_1;201804;ПЛ-20;286;Платье "Клубничка";21,38;6,1,2;Супрем + батист 100% хлопок;1;236;1
6055_1;211813;ПЛ-21;191;Платье "Перышко";12,13;4,5,3;Супрем 100% хлопок;1;194;1
6055_1;241811;ПЛ-24;53;Платье "Птички-цветочки";43;8,7,14;Двунитка 100% хлопок;4;150;1
6055_1;261811;ПЛ-26;12;Платье "Oh";21,43;6,1,2;Двунитка 100% хлопок;4;298;1
6055_1;291805;ПЛ-29;56;Платье "Велюр";28,39,21,14,12,5;3,4,5;Велюр 80% хлопок 20% полиэстер;2;226;1
6055_1;311813;ПЛ-31;231;Платье "Куколка";13,35;4,5,3;Супрем 100% хлопок;1;231;1
6055_1;321813;ПЛ-32;244;Платье "Зайчата-котята";13,35;8,7,14;Супрем 100% хлопок;1;173;1
6055_1;341813;ПЛ-34;202;Платье "Зайка с веночком";13,5;3,4,5;Супрем 100% хлопок;1;245;1
6055_1;351813;ПЛ-35;19;Платье "Цветы";31,5,7;15,16,17;Супрем 100% хлопок;1;199;1
6055_1;42/1811;ПЛ-42_1;107;Платье "Зая";72,14,70,74;4,5,3;Двунитка 100% бавовна;4;384;1
6055_1;43/1811;ПЛ-43_1;56;Платье с фатином "горохи";69,25,70;16,17,15;Двунитка 100% бавовна;4;423;1
6055_1;44/1811;ПЛ-44_1;48;Платье с фатином "сердце";25,70,74;6,1,2;Двунитка 100% бавовна;4;491;1
6055_1;45/1811;ПЛ-45_1;47;Платье "единорог";72,14,70,78;7,14,8;Двунитка 100% бавовна;4;323;1
6055_1;461811;ПЛ-46;0;Платье с фатином "принцесса";13,78;4,5,15;Двунитка 100% бавовна;2;391;1
6055_1;471811;ПЛ-47;104;Платье "Lucky";84,68,74;4,5,15;Двунитка 100% бавовна;2;343;1
6055_1;481811;ПЛ-48;39;Платье "Star";3,83,25,73;6,1,2;Двунитка 100% бавовна;2;338;1
6055_1;501811;ПЛ-50;96;Платье "Wonder Girl";13,70;16,17,6;Двунитка 100% бавовна;2;383;1
6055_1;521836;ПЛ-52;115;Платье "Поло";77,87,103;3,4,5;Лакоста 100% бавовна;1;224;1
6055_1;541811;ПЛ-54;88;Платье "36";72,25,13,106,103;16,17,6;Двунитка 100% бавовна;2;326;1
6055_1;491611;ТН-49;97;Туника "Star";3,83,25,73;18,19,20;Двунитка 100% бавовна;2;359;1
6436_1;391813;СФ-39;220;Сарафан "Цветы";12,13;8,7,14;Супрем 100% хлопок;1;204;1
6436_1;411813;СФ-41;69;Сарафан "Панк-котэ";28,13;15,16,17;Супрем 100% хлопок;1;247;1
6436_1;421811;СФ-42;91;Сарафан школьный;17;15,16,17;Двунитка 100% хлопок;4;262;1
6436_1;441811;СФ-44;75;Сарафан школьный "птичка";17;15,16,17;Двунитка 100% хлопок;4;279;1
6436_1;491811;СФ-49;19;Сарафан школьный с бантиком;37;6,1,2;Двунитка 100% хлопок;4;292;1
6436_1;531811;СФ-53;142;Сарафан "Бант";36,13;4,5,3;Двунитка 100% хлопок;4;243;1
6436_1;551813;СФ-55;27;Сарафан "Акварельный букет;31,5,6;15,16,17;Супрем 100% хлопок;1;211;1
6436_1;561813;СФ-56;262;Сарафан "Компот";31,35;8,7,14;Супрем 100% хлопок;1;187;1
6436_1;571813;СФ-57;245;Сарафан "Зайка фея";5,6;4,5,3;Супрем 100% хлопок;1;209;1
6436_1;621811;СФ-62;230;Сарафан "Лисичка з бантиком";80,70;3,4,5;Двунитка 100% бавовна;2;332;1
6436_1;631813;СФ-63;88;Сарафан "Лисичка з бантиком";70,78;16,17,6;Супрем 100% бавовна;1;338;1
6436_1;641813;СФ-64;96;Сарафан "Котики";69,70,74;4,5,15;Супрем 100% бавовна;1;207;1
6436_1;651813;СФ-65;50;Сарафан "Девочка и кот";13,70;3,4,5;Супрем 100% бавовна;1;204;1
6210_1;080913;СП-08;21;Юбка летняя;69,70,78,105,74;16,17,6;Супрем 100% бавовна;1;150;1
6210_1;090913;СП-09;46;Юбка летняя;69,70,78,105,74;4,5,15;Супрем 100% бавовна;1;150;1
6210_1;040909;ЮБ-04;98;Юбка "Рюша";31,37;15,16,17;Трехнитка б/н 100% хлопок;2;247;1
6210_1;050909;ЮБ-05;18;Юбка "Джинс";31,37;3,4,5;Трехнитка б/н 100% хлопок;2;202;1
6210_1;060909;ЮБ-06;91;Юбка "Школьная";31;18,19,20;Трехнитка б/н 95%хлопок+5%лайкра;2;231;1
6210_1;070909;ЮБ-07;38;Юбка "Школьная";31,37;1,6,2;Трехнитка б/н 100% хлопок;2;238;1
6214_0;1041113;ФБ-104;107;Футболка "Герб";36,26,37;18,19,20;Супрем 100% хлопок;1;155;1
6214_0;1051113;ФБ-105;110;Футболка "Якорь";36,35,37;18,19,20;Супрем 100% хлопок;1;155;1
6214_0;1061113;ФБ-106;59;Футболка "Robinzone";36,37;18,19,20;Супрем 100% хлопок;1;155;1
6214_0;1071113;ФБ-107;199;Футболка "Зелёный человечек";2,12;8,7,14;Супрем 100% хлопок;1;111;1
6214_0;1081113;ФБ-108;7;Футболка "Подлодка";2,18;8,7,14;Супрем 100% хлопок;1;114;1
6214_0;1091113;ФБ-109;87;Футболка "Мороженко -Зая;18,8;8,7,14;Супрем 100% хлопок;1;109;1
6214_1;1101113;ФБ-110;165;Футболка "Сердце-текст";21,13;4,5,3;Супрем 100% хлопок;1;150;1
6214_0;1131113;ФБ-113;31;Футболка "Много чувств";1,38;15,16,17;Супрем 100% хлопок;1;131;1
6214_0;1141113;ФБ-114;115;Футболка "Танцор";18,12;15,16,17;Супрем 100% хлопок;1;134;1
6214_0;1161113;ФБ-116;16;Футболка "Черепок";8,1,35;6,1,2;Супрем 100% хлопок;1;163;1
6214_0;1181113;ФБ-118;8;Футболка "Кассета руки вверх";1,38;6,1,2;Супрем 100% хлопок;1;163;1
6214_0;1191113;ФБ-119;94;Футболка" Банан";8,12;6,1,2;Супрем 100% хлопок;1;165;1
6214_1;1201113;ФБ-120;46;Футболка "Череп";13,38;18,19,20;Супрем 100% хлопок;1;163;1
6214_0;1221113;ФБ-122;218;Футболка "Волчек в раздумьях....";8,1;18,19,20;Супрем 100% хлопок;1;184;1
6214_0;1251113;ФБ-125;181;Футболка "Кассеты";18,8,1;18,19,20;Супрем 100% хлопок;1;184;1
6214_0;1281113;ФБ-128;110;Футболка "Художник";12,35;4,5,3;Супрем 100% хлопок;1;122;1
6214_1;1291113;ФБ-129;51;Футболкиа "Сердце";2,12,35;8,7,14;Супрем 100% хлопок;1;111;1
6214_1;1301113;ФБ-130;46;Футболка "Птички";18,35,38;15,16,17;Супрем 100% хлопок;1;107;1
6214_1;1371125;ФБ-137;494;Футболка "Цветы";85,13;15,16,17;Флям 100% бавовна;1;145;1
6214_1;1381113;ФБ-138;247;Футболка "Девушка в тату";26,13;18,19,20;Супрем 100% хлопок;1;150;1
6214_0;1451113;ФБ-145;41;Футболки "Монстрик";18,25,9;4,5,15,3;Супрем 100% хлопок;1;111;1
6214_1;1491113;ФБ-149;19;Футболки "Куколка";26,2,32;4,5,15,3;Супрем 100% хлопок;1;111;1
6214_1;1501113;ФБ-150;68;Футболка "Заяц";26,2,32;16,17,6;Супрем 100% хлопок;1;117;1
6214_1;1531113;ФБ-153;63;Футболка "Цветочки";28,21,14,56,38;4,5,15,3;Супрем 100% хлопок;1;111;1
6214_1;1541113;ФБ-154;41;Футболка "Цветочки";28,21,14,56,38;16,17,6;Супрем 100% хлопок;1;117;1
6214_0;1551113;ФБ-155;35;Футболка "Грузовик";18,12,35;3,4,5;Супрем 100% хлопок;1;111;1
6214_0;1561113;ФБ-156;57;Футболка "Грузовик";12,1,35,38;15,16,17;Супрем 100% хлопок;1;117;1
6214_0;1571113;ФБ-157;29;Футболка "Велик";18,12,35;3,4,5;Супрем 100% хлопок;1;111;1
6214_0;1581113;ФБ-158;25;Футболка "Велик";12,1,35,38;15,16,17;Супрем 100% хлопок;1;117;1
6214_0;1601113;ФБ-160;325;Футболка  "Без наката";25,31,28,14;1,2,18;Супрем 100% хлопок;1;158;1
6214_1;1601113;ФБ-160;325;Футболка  "Без наката";25,31,28,14;1,2,18;Супрем 100% хлопок;1;158;1
6214_0;1621113;ФБ-162;5;Футболка "Машинка";2,18,12,35;8,7,14;Супрем 100% хлопок;1;109;1
6214_0;1631113;ФБ-163;29;Футболка "Собака";2,18,12,35;8,7,14;Супрем 100% хлопок;1;109;1
6214_0;1651113;ФБ-165;15;Футболка "Мотоцикл";2,18,12,35;8,7,14;Супрем 100% хлопок;1;109;1
6214_0;1661136;ФБ-166;80;Футболка "Поло";77,87,81;15,16,17;Лакоста 100% бавовна;1;168;1
6214_0;1671136;ФБ-167;60;Футболка "Поло";77,87,68;6,1,2;Лакоста 100% бавовна;1;182;1
6214_0;1681136;ФБ-168;66;Футболка "Поло";77,87,68;3,4,5;Лакоста 100% бавовна;1;162;1
6214_0;1701113;ФБ-170;21;Футболка "Добрый динозаврик";72,77;7,14,3;Супрем 100% бавовна;1;133;1
6214_0;1711113;ФБ-171;27;Фкутболка "Море в бутылке";77,31,100;7,14,3;Супрем 100% бавовна;1;133;1
6214_1;1721125;ФБ-172;8;Футболка "Котик с бантиком";85,13;4,5,15;Флям 100% бавовна;1;150;1
6214_0;1841113;ФБ-184;21;Футболка "Мопс в очках";100,25,78;1,2,18;Супрем 100% бавовна;1;163;1
6214_0;1871113;ФБ-187;7;Футболка "Алфавит";77,12;7,14,3;Супрем 100% бавовна;1;133;1
6214_1;1881113;ФБ-188;42;Футболка "Princess";76,24,13;7,14,3;Супрем 100% бавовна;1;156;1
6214_0;1911113;ФБ-191;32;Футболка "PARADISE";101,72,77,102,37;2,18,19,20;Супрем 100% бавовна;1;172;1
6214_0;1931113;ФБ-193;77;Футболка "DENIM";101,72,77,102,81;2,18,19,20;Супрем 100% бавовна;1;172;1
6214_0;671113;ФБ-67;143;Футболка "Вышиванка";26;7,14,3;Супрем 100% хлопок;1;100;1
6214_1;671113;ФБ-67;143;Футболка "Вышиванка";26;7,14,3;Супрем 100% хлопок;1;100;1
6214_0;681113;ФБ-68;158;Футболка "Вышиванка";26,12;4,5,15;Супрем 100% хлопок;1;105;1
6214_1;681113;ФБ-68;158;Футболка "Вышиванка";26,12;4,5,15;Супрем 100% хлопок;1;105;1
6214_0;781113;ФБ-78;90;Футболка садик;26,32,25,35;4,5,3;Супрем 100% хлопок;1;94;1
6214_1;781113;ФБ-78;90;Футболка садик;26,32,25,35;4,5,3;Супрем 100% хлопок;1;94;1
6214_0;791113;ФБ-79;342;Футболка школьная;26,32,25,35;15,16,17;Супрем 100% хлопок;1;102;1
6214_1;791113;ФБ-79;342;Футболка школьная;26,32,25,35;15,16,17;Супрем 100% хлопок;1;102;1
6214_0;801113;ФБ-80;571;Футболка школьная;26,32,25;6,1,2;Супрем 100% хлопок;1;111;1
6214_1;801113;ФБ-80;571;Футболка школьная;26,32,25;6,1,2;Супрем 100% хлопок;1;111;1
6214_0;811113;ФБ-81;153;Футболка школьная;26,32,43;18;Супрем 100% хлопок;1;116;1
6214_1;811113;ФБ-81;153;Футболка школьная;26,32,43;18;Супрем 100% хлопок;1;116;1
6214_0;861113;ФБ-86;69;Футболка "Подводная лодка";36,31;8,7,14;Супрем 100% хлопок;1;105;1
6214_0;891113;ФБ-89;24;Футболка "По расписанию";36,31;4,5,3;Супрем 100% хлопок;1;112;1
6214_1;911113;ФБ-91;87;Футболка "Love mom";36,26;4,5,3;Супрем 100% хлопок;1;126;1
6212_0;051007;ШР-05;308;Шорты садик;8,37,4;4,14,3;Интерлок 100% хлопок;1;94;1
6212_0;061007;ШР-06;264;Шорты садик;37,4;5,15,16,17;Интерлок 100% хлопок;1;102;1
6212_0;291013;ШР-29;45;Шорты для мальчика;8,1;15,16,17;Супрем 100% хлопок;1;151;1
6212_0;301013;ШР-30;16;Шорты "Robinzone";3,8,19,17,37;4,5,3;Супрем 100% хлопок;1;158;1
6212_0;311013;ШР-31;91;Шорты "Робинзон";8,1,37;15,16,17;Супрем 100% хлопок;1;179;1
6212_0;341013;ШР-34;12;Шорты однотонные;102,31,47;4,5,15;Супрем 100% бавовна;1;145;1
6114_0;1082109;ШТ-108;202;Штаны "Робинзон";37,4;4,5,3;Трехнитка б/н 100% хлопок;3;298;1
6114_0;1162105;ШТ-116;31;Штаны "Малыш";2,8,28,39,25,40,5,37;13,9,10;Велюр 80% хлопок 20% полиэстер;2;119;1
6114_1;1162105;ШТ-116;31;Штаны "Малыш";2,8,28,39,25,40,5,37;13,9,10;Велюр 80% хлопок 20% полиэстер;2;119;1
6114_0;1162107;ШТ-116;650;Штаны "Малыш";3,27,18,8,31,32,19,39,21,41,14,25,40,24,42,22,1,13,5,35,9,17,54,11,4;13,9,10;Интерлок 100% хлопок;4;119;1
6114_1;1162107;ШТ-116;650;Штаны "Малыш";3,27,18,8,31,32,19,39,21,41,14,25,40,24,42,22,1,13,5,35,9,17,54,11,4;13,9,10;Интерлок 100% хлопок;4;119;1
6114_0;1162119;ШТ-116;37;Штаны "Малыш";3,27,18,8,5,9;13,9,10;Рибана 95%хлопок+5%лайкра;4;119;1
6114_1;1162119;ШТ-116;37;Штаны "Малыш";3,27,18,8,5,9;13,9,10;Рибана 95%хлопок+5%лайкра;4;119;1
6114_0;1232109;ШТ-123;176;Штаны "Джинс";51,52;6,1,2;Трехнитка б/н 100% хлопок;3;372;1
6114_0;1292109;ШТ-129;18;Штаны "Спорт";37,4;6,1,2;Трехнитка б/н 100% хлопок;3;366;1
6114_0;1302109;ШТ-130;84;Штаны "Спорт";37,4;18,19,20;Трехнитка б/н 100% хлопок;3;434;1
6114_0;1322109;ШТ-132;308;Штаны "Робинзон";37,4;15,16,17;Трехнитка б/н 100% хлопок;3;323;1
6114_0;1332109;ШТ-133;2;Штаны "Робинзон";3,37;8,7,21,14;Трехнитка б/н 100% хлопок;2;155;1
6114_0;1412127;ШТ-141;136;Штаны "Шнурочек";2,19,28,38;8,7,14;Трехнитка с/н 95%хлопок+5%полиэстер;3;199;1
6114_1;1412127;ШТ-141;136;Штаны "Шнурочек";2,19,28,38;8,7,14;Трехнитка с/н 95%хлопок+5%полиэстер;3;199;1
6114_0;1422127;ШТ-142;259;Штаны "Шнурочек";28,38;4,5,3;Трехнитка с/н 95%хлопок+5%полиэстер;3;214;1
6114_1;1422127;ШТ-142;259;Штаны "Шнурочек";28,38;4,5,3;Трехнитка с/н 95%хлопок+5%полиэстер;3;214;1
6114_1;1442127;ШТ-144;176;Штаны "Шнурочек";28,38;15,16,17;Трехнитка с/н 95%хлопок+5%полиэстер;3;289;1
6114_0;1452127;ШТ-145;74;Штаны "Шнурочек";3,19;15,16,17;Трехнитка с/н 95%хлопок+5%полиэстер;3;298;1
6114_1;1452127;ШТ-145;85;Штаны "Шнурочек";3,19,5;15,16,17;Трехнитка с/н 95%хлопок+5%полиэстер;3;298;1
6114_0;1462127;ШТ-146;57;Штаны "Шнурочек";3,43;6,1,2;Трехнитка с/н 95%хлопок+5%полиэстер;3;332;1
6114_0;1552111;ШТ-155;40;Штаны "Коленки с застилом";3,36,31,28,13,5,35,47,58,43,17,37,38;8,7,14;Двунитка 100% хлопок;2;180;1
6114_1;1552111;ШТ-155;40;Штаны "Коленки с застилом";3,36,31,28,13,5,35,47,58,43,17,37,38;8,7,14;Двунитка 100% хлопок;2;180;1
6114_0;1572108;ШТ-157;1;Штаны "Коленки с застилом";3,2,5,43,17;8,7,14;Интерлок с/н 95%хлопок+5%полиэстер;4;168;1
6114_1;1602109;ШТ-160;21;Штаны "Репсовый бантик";31,37;3,4,5;Трехнитка б/н 100% хлопок;2;245;1
6114_1;1612109;ШТ-161;13;Штаны "Репсовый бантик";31,37;8,7,14;Трехнитка б/н 100% хлопок;2;206;1
6114_0;1622109;ШТ-162;63;Штаны "Манжет наизнанку";31,37;8,7,14;Трехнитка б/н 100% хлопок;3;190;1
6114_0;1632109;ШТ-163;103;Штаны "Кармашек наизнанку";31,37;15,16,17;Трехнитка б/н 100% хлопок;2;303;1
6114_0;1692111;ШТ-169;24;Штаны "Отстрочка,спорт";3,37;18,19,20;Двунитка 95%хлопок+5%полиэстер;2;354;1
6114_0;1702111;ШТ-170;0;Штаны "Повседневные";3,2,102,31,83,111,43,37,38;3,4,5;Двунитка 95%хлопок+5%полиэстер;2;218;1
6114_1;1702111;ШТ-170;0;Штаны "Повседневные";3,2,102,31,83,111,43,37,38;3,4,5;Двунитка 95%хлопок+5%полиэстер;2;218;1
6114_0;1712111;ШТ-171;24;Штаны "Повседневные";3,8,111,43,37,38;15,16,17;Двунитка 95%хлопок+5%полиэстер;2;245;1
6114_1;1712111;ШТ-171;15;Штаны "Повседневные";3,43,37,38;15,16,17;Двунитка 95%хлопок+5%полиэстер;2;245;1
6114_0;1722111;ШТ-172;113;Штаны "Повседневные";3,27,8,111,25,17,37,38;6,1,2;Двунитка 95%хлопок+5%полиэстер;2;282;1
6114_1;1722111;ШТ-172;113;Штаны "Повседневные";3,27,8,111,25,17,37,38;6,1,2;Двунитка 95%хлопок+5%полиэстер;2;282;1
6114_0;1732127;ШТ-173;82;Штаны "Накладные карманы";36;3,4,5;Трехнитка с/н 95%хлопок+5%полиэстер;2;355;1
6114_0;1822111;ШТ-182;0;Штаны "Робинзон";3,43;5,15,16;Двунитка 95%хлопок+5%лайкра;2;287;1
6114_0;1832127;ШТ-183;78;Штаны "Классика";3,61,19,21,25,17,37,4,23;3,4,5,14;Трехнитка с/н 95%хлопок+5%полиэстер;3;226;1
6114_0;1852127;ШТ-185;80;Штаны "Классика";3,17,37;6,1,2;Трехнитка с/н 95%хлопок+5%полиэстер;3;333;1
6114_0;1862127;ШТ-186;38;Штаны "Спорт";3,61,21,17;3,4,5;Трехнитка с/н 95%хлопок+5%полиэстер;3;289;1
6114_1;1862127;ШТ-186;38;Штаны "Спорт";3,61,21,17;3,4,5;Трехнитка с/н 95%хлопок+5%полиэстер;3;289;1
6114_0;1872127;ШТ-187;143;Штаны "Спорт";3,61,21,17;15,16,17;Трехнитка с/н 95%хлопок+5%полиэстер;3;303;1
6114_1;1872127;ШТ-187;143;Штаны "Спорт";3,61,21,17;15,16,17;Трехнитка с/н 95%хлопок+5%полиэстер;3;303;1
6114_0;1882127;ШТ-188;54;Штаны "Спорт";3,61,21,17;6,1,2;Трехнитка с/н 95%хлопок+5%полиэстер;3;323;1
6114_1;1882127;ШТ-188;54;Штаны "Спорт";3,61,21,17;6,1,2;Трехнитка с/н 95%хлопок+5%полиэстер;3;323;1
6114_0;1892127;ШТ-189;23;Штаны "Складка на коленке";2,17,37;3,4,5;Трехнитка с/н 95%хлопок+5%полиэстер;3;238;1
6114_1;1952135;ШТ-195_1;6;Штаны "Брючные";82;3,4,5;Костюмна з стрейчем 95% бавовна+ 5% эластан;4;260;1
6114_1;1962135;ШТ-196_1;1;Штаны "Брючные";82;15,16,17;Костюмна з стрейчем 95% бавовна+ 5% эластан;4;277;1
6114_1;1982135;ШТ-198_1;0;Штаны "Брючные";82;8,7,14;Костюмна з стрейчем 95% бавовна+ 5% эластан;4;247;1
6114_0;2022111;ШТ-202_1;7;Штаны "Звезда на коленке";3,31,84;8,7,14;Двунитка 100% бавовна;4;196;1
6114_0;2062111;ШТ-206;129;Штаны "Карманы на молнии ";3,31,68;18,19,20;Двунитка 100% бавовна;4;432;1
6114_0;2072111;ШТ-207_1;9;Штаны "Защипы на коленях";3;6,1,2;Двунитка 100% бавовна;4;313;1
6114_0;2082111;ШТ-208;139;Штани "Sport";3,81;1,2,18;Двунитка 100% бавовна;2;393;1
6114_0;2172111;ШТ-217;105;Штани "Сountry club";3,68;1,2,18;Двунитка 100% бавовна;2;306;1
6114_0;2182128;ШТ-218;569;Подштанники;3,86,90;15,16,17;Рибана з/н 95%бавовна+5%лайкра;2;146;1
6114_0;2192128;ШТ-219;557;Подштанники;3,86,90;6,1,2;Рибана з/н 95%бавовна+5%лайкра;2;163;1
6114_0;2202128;ШТ-220;169;Подштанники;86,90;18,19,20;Рибана з/н 95%бавовна+5%лайкра;2;180;1
6114_0;602128;ШТ-60;16;Подштанники;4,17;18,19,20,30;Рибана с/н 95%хлопок+5%лайкра;2;180;1
ё